43.153.183.245,Japan
193.180.92.65,Sweden
2001:F40:960:1AD7:8D1A:80B4:75BB:EF43,Malaysia
60.49.48.9,Malaysia
103.82.0.68,United Kingdom
87.120.241.154,Ireland
49.131.56.172,Hong Kong
194.44.57.79,Ukraine
2401:D480:4123:1900:BD5B:5295:13BB:5852,Australia
2001:5A8:4245:BE00:E94F:CA45:A482:761D,United States
42.61.1.50,Singapore
94.44.243.152,Hungary
157.231.137.50,United Kingdom
2603:8001:4000:6D70:A577:33C1:D8EB:61AB,United States
62.72.180.189,The Netherlands
141.31.128.86,Germany
195.224.170.214,United Kingdom
41.168.8.36,Mauritius
80.192.81.221,United Kingdom
80.40.168.139,United Kingdom
94.44.243.152,Hungary
2A02:2149:8632:6D00:ABC7:5DC4:4200:EA68,Greece
49.185.53.170,Australia
43.153.183.245,Japan
2A04:CEC0:1209:7291:0:3E:619E:BD01,France
2806:262:496:858C:A146:9E33:77A1:E401,Mexico
2405:201:5C23:D00B:50DE:A20B:A0DB:EF86,India
194.171.160.152,The Netherlands
2001:5A8:4245:BE00:E94F:CA45:A482:761D,United States
14.187.177.13,Vietnam
80.40.168.139,United Kingdom
60.49.48.9,Malaysia
14.187.177.13,Vietnam
2806:262:496:858C:A146:9E33:77A1:E401,Mexico
119.18.0.74,Australia
118.176.146.36,South Korea
2A00:23C5:11E:F901:544B:F591:744D:8382,United Kingdom
2405:201:3019:3A44:79C1:C597:D2E6:1880,India
60.49.48.9,Malaysia
2806:262:496:858C:A146:9E33:77A1:E401,Mexico
103.172.5.119,India
14.187.177.13,Vietnam
118.176.146.36,South Korea
2402:8780:1022:68DE:1EE:906F:D285:F3,Indonesia
2600:1011:B126:294B:EDCF:B118:2603:1078,United States
2A00:1FA0:4435:E124:40CC:B82B:2D10:2D08,Russia
83.139.170.240,Russia
62.214.179.166,Germany
178.176.166.34,Russia
92.63.204.24,Uzbekistan
83.139.170.240,Russia
92.63.204.24,Uzbekistan
2A02:ED0:5FEE:5800:C9D5:694F:E46C:F2EA,Israel
176.37.117.135,Ukraine
178.70.193.31,Russia
176.37.117.135,Ukraine
178.70.193.31,Russia
109.252.35.237,Russia
176.37.117.135,Ukraine
5.228.81.150,Russia
185.68.101.23,Russia
109.252.10.189,Russia
95.81.230.34,Russia
178.124.40.5,Belarus
195.158.6.126,Uzbekistan
5.228.81.150,Russia
78.132.135.68,Russia
195.158.6.126,Uzbekistan
212.233.87.201,Russia
83.139.170.240,Russia
80.83.234.216,Russia
95.81.230.34,Russia
178.140.193.122,Russia
188.162.13.125,Russia
2001:1388:A44:8D94:E031:CE4A:95F8:6E98,Peru
190.114.39.66,Chile
124.217.47.184,Philippines
45.167.222.162,Argentina
124.217.47.184,Philippines
136.158.62.67,Philippines
124.217.47.184,Philippines
193.147.172.123,Spain
90.165.105.72,Spain
89.128.168.1,Spain
193.147.19.10,Spain
89.128.168.1,Spain
188.227.154.162,Spain
89.128.168.1,Spain
93.156.202.12,Spain
105.113.8.2,Nigeria
189.235.30.67,Mexico
188.227.154.162,Spain
89.128.168.1,Spain
88.7.76.158,Spain
80.30.192.189,Spain
136.158.62.67,Philippines
2A0C:5A81:2102:2A00:4918:DDE0:CD30:A260,Spain
188.85.29.226,Spain
90.166.28.182,Spain
2A0C:5A81:2102:2A00:4918:DDE0:CD30:A260,Spain
105.113.8.2,Nigeria
2A0C:5A81:2102:2A00:4918:DDE0:CD30:A260,Spain
201.102.222.174,Mexico
195.235.193.83,Spain
