124.217.189.147,Hong Kong,2025-10-01 17:49:33+00:00
152.57.111.184,India,2025-10-01 17:49:38+00:00
12.131.82.3,United States,2025-10-01 19:15:37+00:00
65.88.88.56,United States,2025-10-01 19:16:09+00:00
173.76.103.74,United States,2025-10-01 19:17:15+00:00
2601:243:C000:EEE0:CD95:6D19:BCDA:8BE5,United States,2025-10-01 19:17:23+00:00
12.131.82.3,United States,2025-10-01 19:17:55+00:00
2A02:587:8D05:C3DD:70CF:3BDD:24C9:2415,Greece,2025-10-01 19:20:36+00:00
2406:3003:2007:68F6:2526:7B46:130F:593F,Singapore,2025-10-01 19:21:06+00:00
2A02:C7C:894D:6600:B513:DB45:CB2F:F14B,United Kingdom,2025-10-01 19:21:13+00:00
98.186.55.18,United States,2025-10-01 19:21:23+00:00
65.88.88.56,United States,2025-10-01 19:21:35+00:00
185.223.152.149,United States,2025-10-01 19:23:26+00:00
2A00:23C4:132E:4F01:C831:5951:5AF0:82D2,United Kingdom,2025-10-01 19:23:42+00:00
189.203.41.121,Mexico,2025-10-01 19:23:46+00:00
2600:4040:AF17:BF00:ECB6:9EC5:F476:563C,United States,2025-10-01 19:23:54+00:00
185.223.152.149,United States,2025-10-01 19:23:55+00:00
47.54.219.33,Canada,2025-10-01 19:24:29+00:00
41.243.4.95,DR Congo,2025-10-01 19:24:34+00:00
82.1.137.230,United Kingdom,2025-10-01 19:25:12+00:00
24.50.56.74,Canada,2025-10-01 19:26:16+00:00
146.197.246.122,United States,2025-10-01 19:26:34+00:00
2600:4040:AF17:BF00:ECB6:9EC5:F476:563C,United States,2025-10-01 19:26:51+00:00
185.223.152.149,United States,2025-10-01 19:27:03+00:00
99.241.189.196,Canada,2025-10-01 19:27:19+00:00
79.116.99.206,Spain,2025-10-01 19:27:52+00:00
173.76.103.74,United States,2025-10-01 19:28:11+00:00
165.91.13.123,United States,2025-10-01 19:28:22+00:00
185.223.152.149,United States,2025-10-01 19:28:35+00:00
2600:100E:B08C:3403:84D5:981D:ED1:A8D8,United States,2025-10-01 19:28:40+00:00
2A02:C7E:6680:7500:C8F7:E6C7:7C74:68AA,United Kingdom,2025-10-01 19:29:35+00:00
2.97.170.170,United Kingdom,2025-10-01 19:29:40+00:00
2A06:C701:4C21:D500:6F60:4448:6C99:9F3A,Israel,2025-10-01 19:30:47+00:00
2001:2042:FC11:7200:68A9:8EFA:CF48:1110,Sweden,2025-10-01 19:30:49+00:00
24.50.56.74,Canada,2025-10-01 19:31:00+00:00
141.136.175.126,Croatia,2025-10-01 19:31:01+00:00
112.209.75.109,Philippines,2025-10-01 19:31:05+00:00
104.254.40.195,United States,2025-10-01 19:31:08+00:00
2601:800:C201:E590:6EE8:313D:7FC5:158A,United States,2025-10-01 19:31:11+00:00
112.209.75.109,Philippines,2025-10-01 19:31:12+00:00
112.209.75.109,Philippines,2025-10-01 19:31:20+00:00
12.131.82.3,United States,2025-10-01 19:31:21+00:00
2601:243:C000:EEE0:CD95:6D19:BCDA:8BE5,United States,2025-10-01 19:31:22+00:00
2409:40E5:11A3:8537:80DC:7FFF:FE5A:CF66,India,2025-10-01 19:31:44+00:00
82.36.162.198,United Kingdom,2025-10-01 19:31:46+00:00
112.209.75.109,Philippines,2025-10-01 19:31:49+00:00
86.235.112.153,France,2025-10-01 19:31:53+00:00
65.88.88.56,United States,2025-10-01 19:32:27+00:00
141.136.175.126,Croatia,2025-10-01 19:32:41+00:00
2A02:14F:172:5542:39A0:65B7:7139:3D7B,Israel,2025-10-01 19:32:51+00:00
64.99.246.33,United States,2025-10-01 19:33:04+00:00
65.88.88.56,United States,2025-10-01 19:33:18+00:00
103.213.236.43,Bangladesh,2025-10-01 19:33:24+00:00
76.184.112.110,United States,2025-10-01 19:33:50+00:00
2003:C9:C740:B500:88A6:A921:EED3:F7C3,Germany,2025-10-01 19:34:27+00:00
83.253.216.71,Sweden,2025-10-01 19:34:48+00:00
2001:BB6:C5B0:9500:B1A9:DB95:27C9:8405,Ireland,2025-10-01 19:34:54+00:00
2601:40:CB80:87C0:2563:2F1:2967:B404,United States,2025-10-01 19:35:09+00:00
2601:243:C000:EEE0:CD95:6D19:BCDA:8BE5,United States,2025-10-01 19:35:55+00:00
2600:4040:AF17:BF00:ECB6:9EC5:F476:563C,United States,2025-10-01 19:36:57+00:00
2600:4040:AF17:BF00:ECB6:9EC5:F476:563C,United States,2025-10-01 19:37:04+00:00
2600:4040:AF17:BF00:ECB6:9EC5:F476:563C,United States,2025-10-01 19:37:08+00:00
128.92.74.117,United States,2025-10-01 19:38:30+00:00
140.190.25.2,United States,2025-10-01 19:38:53+00:00
2600:4040:A80B:2900:4B1:8CB1:F30A:D44,United States,2025-10-01 19:39:02+00:00
35.139.154.158,United States,2025-10-01 19:39:41+00:00
2600:4040:AF17:BF00:ECB6:9EC5:F476:563C,United States,2025-10-01 19:39:42+00:00
94.248.85.111,Spain,2025-10-01 19:39:47+00:00
2607:FEA8:E265:200:316C:A163:6138:CD12,Canada,2025-10-01 19:39:53+00:00
97.118.94.179,United States,2025-10-01 19:40:02+00:00
2600:4040:AF17:BF00:ECB6:9EC5:F476:563C,United States,2025-10-01 19:40:04+00:00
2601:243:C000:EEE0:CD95:6D19:BCDA:8BE5,United States,2025-10-01 19:40:07+00:00
24.50.56.74,Canada,2025-10-01 19:40:31+00:00
159.48.94.70,United States,2025-10-01 19:40:43+00:00
2A02:C7C:14B2:7700:92EA:E8BD:BF7A:97AE,United Kingdom,2025-10-01 19:40:49+00:00
168.69.255.242,United States,2025-10-01 19:40:50+00:00
2600:4040:AF17:BF00:ECB6:9EC5:F476:563C,United States,2025-10-01 19:41:19+00:00
2600:4040:A80B:2900:4B1:8CB1:F30A:D44,United States,2025-10-01 19:41:26+00:00
223.24.184.12,Thailand,2025-10-01 19:41:43+00:00
12.131.82.3,United States,2025-10-01 19:42:19+00:00
174.91.37.170,Canada,2025-10-01 19:42:22+00:00
2601:243:C000:EEE0:CD95:6D19:BCDA:8BE5,United States,2025-10-01 19:42:31+00:00
24.50.56.74,Canada,2025-10-01 19:42:39+00:00
159.48.94.70,United States,2025-10-01 19:42:48+00:00
142.167.235.48,Canada,2025-10-01 19:43:01+00:00
2407:7000:AE2D:FE00:289E:CB42:7AAC:15EC,New Zealand,2025-10-01 19:43:03+00:00
35.139.154.158,United States,2025-10-01 19:43:23+00:00
159.48.94.70,United States,2025-10-01 19:43:32+00:00
2600:1011:B039:E4B7:8994:AD46:E68E:D756,United States,2025-10-01 19:43:36+00:00
96.249.241.235,United States,2025-10-01 19:43:56+00:00
172.117.116.56,United States,2025-10-01 19:43:57+00:00
88.203.221.138,Bulgaria,2025-10-01 19:44:15+00:00
12.131.82.3,United States,2025-10-01 19:44:40+00:00
65.88.88.56,United States,2025-10-01 19:44:44+00:00
85.48.187.161,Spain,2025-10-01 19:44:50+00:00
2600:4040:AF17:BF00:ECB6:9EC5:F476:563C,United States,2025-10-01 19:44:58+00:00
2A02:C7C:894D:6600:B513:DB45:CB2F:F14B,United Kingdom,2025-10-01 19:46:31+00:00
12.131.82.3,United States,2025-10-01 19:47:32+00:00
2600:1006:B329:88DE:363F:2039:70FA:510C,United States,2025-10-01 19:47:33+00:00
47.144.166.87,United States,2025-10-01 19:47:57+00:00
159.48.94.70,United States,2025-10-01 19:48:17+00:00
38.109.81.181,United States,2025-10-01 19:49:23+00:00
2600:1011:B039:E4B7:8994:AD46:E68E:D756,United States,2025-10-01 19:49:44+00:00
169.139.8.160,United States,2025-10-01 19:50:20+00:00
2600:4040:AF17:BF00:ECB6:9EC5:F476:563C,United States,2025-10-01 19:50:31+00:00
2001:1970:49DE:8C00:4DE0:52AE:9BAF:3CFA,Canada,2025-10-01 19:50:34+00:00
98.235.155.81,United States,2025-10-01 22:52:11+00:00
2603:7080:DC00:8804:50C2:ECF3:B74F:24CF,United States,2025-10-01 22:53:46+00:00
178.66.46.176,Russia,2025-10-01 22:53:55+00:00
98.235.155.81,United States,2025-10-01 22:54:09+00:00
175.176.19.160,Philippines,2025-10-01 22:54:15+00:00
2600:1000:B16A:AFC2:8D52:FA2D:D434:8E2D,United States,2025-10-01 22:54:39+00:00
46.110.178.149,United States,2025-10-01 22:55:02+00:00
2603:8000:D400:C2:5872:3E63:B66A:EC48,United States,2025-10-01 22:55:06+00:00
203.91.243.66,Australia,2025-10-01 22:55:13+00:00
2A01:E0A:AA0:AA60:18D3:5A24:38E0:D8DD,France,2025-10-01 22:55:51+00:00
203.13.3.90,Australia,2025-10-01 22:56:16+00:00
2601:40A:8200:3650:51F1:2B4E:6E84:57B8,United States,2025-10-01 22:56:29+00:00
146.135.80.151,United States,2025-10-01 22:56:36+00:00
2603:8000:D400:C2:5872:3E63:B66A:EC48,United States,2025-10-01 22:56:39+00:00
2A00:23C5:11E:F901:6101:D8FD:E622:6684,United Kingdom,2025-10-01 22:57:02+00:00
45.164.25.219,Brazil,2025-10-01 22:57:40+00:00
2001:9E8:13B3:2600:45D3:B299:4C51:92F7,Germany,2025-10-01 22:57:45+00:00
84.35.113.124,The Netherlands,2025-10-01 22:58:21+00:00
2001:818:E6F7:8100:976:6238:AA18:5B45,Portugal,2025-10-01 22:58:30+00:00
154.192.9.91,Pakistan,2025-10-01 22:58:50+00:00
98.235.155.81,United States,2025-10-01 22:59:17+00:00
2802:8012:20:EF01:4C7F:CB49:200D:D21A,Argentina,2025-10-02 00:06:00+00:00
2603:8000:D400:C2:5872:3E63:B66A:EC48,United States,2025-10-02 00:06:01+00:00
89.241.32.63,United Kingdom,2025-10-02 00:06:04+00:00
64.79.144.115,United States,2025-10-02 00:06:10+00:00
80.4.26.61,United Kingdom,2025-10-02 00:06:29+00:00
86.23.143.125,United Kingdom,2025-10-02 00:06:42+00:00
2605:A601:A69A:E600:F0C6:32E8:E351:58FE,United States,2025-10-02 00:07:52+00:00
92.18.76.185,United Kingdom,2025-10-02 00:11:05+00:00
2600:8802:1700:3160:3D5E:1785:5498:DF03,United States,2025-10-02 00:11:12+00:00
165.188.150.30,United States,2025-10-02 00:11:25+00:00
203.37.154.98,Australia,2025-10-02 00:13:57+00:00
92.18.76.185,United Kingdom,2025-10-02 00:14:20+00:00
92.18.76.185,United Kingdom,2025-10-02 00:16:06+00:00
2600:4040:5730:B00:2DCD:EE30:C76E:FA16,United States,2025-10-02 00:16:11+00:00
24.155.147.109,United States,2025-10-03 17:05:53+00:00
87.10.34.72,Italy,2025-10-03 17:06:12+00:00
167.88.225.107,United States,2025-10-03 17:06:20+00:00
199.16.212.2,United States,2025-10-03 17:07:10+00:00
92.18.76.185,United Kingdom,2025-10-03 17:07:42+00:00
2405:6E00:624:A316:58A7:BED6:F323:FE5B,Australia,2025-10-03 17:07:59+00:00
89.240.97.8,United Kingdom,2025-10-03 17:08:02+00:00
92.18.76.185,United Kingdom,2025-10-03 17:08:24+00:00
2A06:63C5:8E09:1F00:4557:8824:AD63:C8A3,Serbia,2025-10-03 17:08:51+00:00
2601:640:C001:8290:F2:1709:17DF:5A60,United States,2025-10-04 03:32:26+00:00
189.129.18.164,Mexico,2025-10-04 03:32:39+00:00
2A00:1FA3:4205:9D31:6CF3:F4A9:34CE:B6BA,Russia,2025-10-04 03:33:52+00:00
76.168.134.238,United States,2025-10-04 04:17:54+00:00
