195.31.8.102,Italy
185.100.88.213,United Kingdom
141.168.205.25,Australia
103.172.5.119,India
5.151.5.53,United Kingdom
2001:5A8:4245:BE00:E94F:CA45:A482:761D,United States
2A02:810B:C787:A600:7D7C:D6EE:18CB:9191,Germany
2A00:23CC:B4C1:8701:DDFB:1AF8:E34B:68CD,United Kingdom
62.72.180.189,The Netherlands
60.49.48.9,Malaysia
2603:8000:2F0:8100:652A:FFC8:7781:216E,United States
2806:262:496:858C:A146:9E33:77A1:E401,Mexico
62.72.180.189,The Netherlands
103.138.123.251,Bangladesh
2A01:CB00:12A4:3B00:A12B:D8E:E8B:9834,France
89.144.196.21,Austria
212.250.27.130,United Kingdom
84.19.35.186,United Kingdom
2806:262:496:858C:A146:9E33:77A1:E401,Mexico
2001:4490:4885:6D9B:8DA9:88EF:2A9B:8DE1,India
77.78.226.102,Bosnia and Herzegovina
112.134.169.179,Sri Lanka
103.69.29.3,India
80.208.69.169,Denmark
60.49.48.9,Malaysia
103.187.245.30,Philippines
202.172.97.96,Australia
62.72.180.189,The Netherlands
103.138.123.251,Bangladesh
2001:5A8:4245:BE00:E94F:CA45:A482:761D,United States
2407:AA80:116:85D1:3A71:C7CB:1B5D:9801,Pakistan
103.69.29.3,India
218.237.185.230,South Korea
195.31.8.102,Italy
2806:262:496:858C:A146:9E33:77A1:E401,Mexico
123.231.97.196,Sri Lanka
60.49.48.9,Malaysia
188.170.210.93,Russia
80.80.116.160,Russia
188.170.210.93,Russia
79.139.151.138,Russia
95.24.125.188,Russia
2.75.224.162,Kazakhstan
95.81.230.34,Russia
79.139.151.138,Russia
185.69.124.17,Russia
176.37.117.135,Ukraine
2A03:D000:1AA:779D:8132:9DFC:149A:60C8,Russia
83.139.170.240,Russia
178.67.251.35,Russia
178.176.166.34,Russia
79.139.151.138,Russia
193.93.122.2,Russia
178.141.122.107,Russia
79.139.151.138,Russia
150.228.63.222,Greece
2A03:D000:1AA:779D:8132:9DFC:149A:60C8,Russia
150.228.63.222,Greece
193.93.122.2,Russia
83.139.170.240,Russia
194.44.57.79,Ukraine
185.68.101.23,Russia
79.134.201.146,Russia
95.24.125.188,Russia
83.139.170.240,Russia
176.37.117.135,Ukraine
95.24.125.188,Russia
46.39.34.153,Russia
150.228.63.222,Greece
91.221.176.71,Russia
91.195.131.52,Russia
109.252.35.237,Russia
83.139.170.240,Russia
178.184.29.205,Russia
83.139.170.240,Russia
176.37.117.135,Ukraine
83.139.170.240,Russia
78.140.22.209,Russia
176.37.117.135,Ukraine
62.217.187.125,Russia
83.139.170.240,Russia
178.176.166.34,Russia
62.217.187.125,Russia
194.107.124.98,Russia
176.37.117.135,Ukraine
46.175.211.214,Russia
128.71.191.72,Russia
178.70.193.31,Russia
31.47.102.180,Czechia
83.139.170.240,Russia
128.71.191.72,Russia
178.70.193.31,Russia
83.139.170.240,Russia
95.25.133.249,Russia
5.228.116.9,Russia
193.26.13.216,Ukraine
188.244.210.179,Russia
109.252.35.237,Russia
178.176.166.34,Russia
128.71.191.72,Russia
193.26.13.216,Ukraine
176.37.117.135,Ukraine
83.213.123.80,Spain
46.193.112.34,France
188.244.86.88,Spain
83.36.74.127,Spain
2800:E2:3980:1073:6C00:79BD:17EE:EF84,Colombia
79.150.145.219,Spain
46.222.56.128,Spain
2800:E2:3980:1073:6C00:79BD:17EE:EF84,Colombia
83.36.74.127,Spain
79.150.145.219,Spain
83.36.74.127,Spain
84.127.100.208,Spain
79.150.145.219,Spain
80.24.12.77,Spain
88.203.61.252,Malta
2A02:2F01:7412:4300:A02B:2B4B:EF71:F05F,Romania
79.150.145.219,Spain
83.36.74.127,Spain
79.150.145.219,Spain
83.34.188.30,Spain
84.127.100.208,Spain
79.150.145.219,Spain
81.45.143.181,Spain
79.150.145.219,Spain
