136.158.62.67,Philippines,2025-10-16 07:54:20+00:00
2001:1388:A44:8D94:E031:CE4A:95F8:6E98,Peru,2025-10-16 07:54:50+00:00
113.203.188.182,Spain,2025-10-16 07:54:52+00:00
185.197.91.129,Spain,2025-10-16 07:54:56+00:00
85.87.98.92,Spain,2025-10-16 07:56:16+00:00
113.203.188.182,Spain,2025-10-16 07:56:48+00:00
80.73.156.58,Spain,2025-10-16 07:57:18+00:00
80.73.156.58,Spain,2025-10-16 07:57:36+00:00
38.25.26.221,Peru,2025-10-16 07:58:35+00:00
89.128.168.1,Spain,2025-10-16 08:35:46+00:00
188.227.154.162,Spain,2025-10-16 08:35:47+00:00
105.113.8.2,Nigeria,2025-10-16 08:35:52+00:00
89.128.168.1,Spain,2025-10-16 08:37:35+00:00
89.128.168.1,Spain,2025-10-16 08:37:51+00:00
89.128.168.1,Spain,2025-10-16 08:38:04+00:00
89.128.168.1,Spain,2025-10-16 08:38:16+00:00
89.128.168.1,Spain,2025-10-16 08:38:26+00:00
45.167.222.162,Argentina,2025-10-16 08:45:37+00:00
124.217.47.184,Philippines,2025-10-16 08:45:39+00:00
190.114.39.66,Chile,2025-10-16 08:46:39+00:00
89.128.168.1,Spain,2025-10-16 08:48:25+00:00
83.51.115.185,Spain,2025-10-16 08:48:48+00:00
