79.150.145.219,Spain
62.99.38.84,Spain
79.150.145.219,Spain
181.1.62.209,Argentina
62.99.38.84,Spain
2803:9800:9887:567E:34BB:C8FB:7B14:224B,Argentina
62.99.38.84,Spain
46.25.71.106,Spain
62.99.38.84,Spain
85.61.157.66,Spain
206.204.152.60,Spain
83.213.123.80,Spain
46.193.112.34,France
188.244.86.88,Spain
83.36.74.127,Spain
2800:E2:3980:1073:6C00:79BD:17EE:EF84,Colombia
79.150.145.219,Spain
46.222.56.128,Spain
2800:E2:3980:1073:6C00:79BD:17EE:EF84,Colombia
83.36.74.127,Spain
79.150.145.219,Spain
