95.25.122.166,Russia,2025-10-16 07:54:09+00:00
83.139.170.240,Russia,2025-10-16 07:54:18+00:00
178.67.251.35,Russia,2025-10-16 07:55:38+00:00
151.249.180.38,Belarus,2025-10-16 07:57:23+00:00
176.14.134.235,Russia,2025-10-16 07:59:05+00:00
176.14.134.235,Russia,2025-10-16 07:59:12+00:00
83.139.170.240,Russia,2025-10-16 08:34:03+00:00
195.158.6.126,Uzbekistan,2025-10-16 08:34:53+00:00
95.81.230.34,Russia,2025-10-16 08:38:31+00:00
92.63.204.24,Uzbekistan,2025-10-16 08:44:44+00:00
83.139.170.240,Russia,2025-10-16 08:45:17+00:00
92.63.204.24,Uzbekistan,2025-10-16 08:45:27+00:00
178.176.166.34,Russia,2025-10-16 08:45:30+00:00
62.214.179.166,Germany,2025-10-16 08:45:39+00:00
83.139.170.240,Russia,2025-10-16 08:46:05+00:00
2A00:1FA0:4435:E124:40CC:B82B:2D10:2D08,Russia,2025-10-16 08:46:35+00:00
2A00:1FA0:4435:E124:40CC:B82B:2D10:2D08,Russia,2025-10-16 08:47:35+00:00
83.139.170.240,Russia,2025-10-16 08:48:17+00:00
128.71.191.72,Russia,2025-10-16 09:04:06+00:00
178.176.166.34,Russia,2025-10-16 09:04:11+00:00
109.252.35.237,Russia,2025-10-16 09:05:31+00:00
193.26.13.216,Ukraine,2025-10-16 09:05:41+00:00
5.228.116.9,Russia,2025-10-16 09:06:07+00:00
83.139.170.240,Russia,2025-10-16 09:06:43+00:00
188.170.210.93,Russia,2025-10-16 09:27:10+00:00
212.44.65.230,Russia,2025-10-16 09:35:52+00:00
46.0.216.7,Russia,2025-10-16 17:18:40+00:00
178.178.211.68,Russia,2025-10-16 17:18:59+00:00
37.99.37.8,Kazakhstan,2025-10-16 17:20:04+00:00
83.139.170.240,Russia,2025-10-16 17:21:28+00:00
2A00:1FA0:4D5:5372:0:74:BA0D:A701,Russia,2025-10-16 17:21:35+00:00
46.0.228.81,Russia,2025-10-16 17:21:54+00:00
83.139.170.240,Russia,2025-10-16 17:23:29+00:00
109.252.62.239,Russia,2025-10-16 17:23:32+00:00
176.77.60.55,Russia,2025-10-16 17:25:08+00:00
95.183.100.187,Russia,2025-10-16 17:25:21+00:00
83.139.170.240,Russia,2025-10-16 17:26:34+00:00
95.26.154.109,Russia,2025-10-16 17:27:10+00:00
95.183.100.187,Russia,2025-10-16 17:27:46+00:00
217.118.95.125,Russia,2025-10-16 17:28:56+00:00
176.52.40.243,Russia,2025-10-16 17:29:13+00:00
176.59.174.164,Russia,2025-10-16 17:29:14+00:00
31.173.240.98,Russia,2025-10-16 17:29:38+00:00
2A00:1FA1:2FF:245D:7C50:2EFF:FECF:B25,Russia,2025-10-16 17:30:55+00:00
2A00:1FA0:6A5:AB80:F492:6DFF:FE90:BC23,Russia,2025-10-16 17:31:57+00:00
5.77.212.108,Armenia,2025-10-16 17:32:08+00:00
31.173.240.98,Russia,2025-10-16 17:35:59+00:00
176.77.60.55,Russia,2025-10-16 17:36:01+00:00
5.18.150.40,Russia,2025-10-16 17:38:25+00:00
178.176.170.65,Russia,2025-10-16 17:38:49+00:00
178.176.170.65,Russia,2025-10-16 17:39:10+00:00
5.18.150.40,Russia,2025-10-16 17:41:39+00:00
31.173.240.98,Russia,2025-10-16 17:42:45+00:00
31.130.35.157,Russia,2025-10-16 17:43:17+00:00
2A00:1370:8186:BB3:A30C:5EA3:D6AA:40E6,Russia,2025-10-16 17:44:46+00:00
31.130.35.157,Russia,2025-10-16 17:45:25+00:00
178.34.182.134,Russia,2025-10-16 17:45:52+00:00
91.108.45.191,Russia,2025-10-16 17:46:58+00:00
2A03:32C0:5001:90D1:F9EE:7F62:D250:76CA,Kazakhstan,2025-10-16 17:48:00+00:00
91.108.45.191,Russia,2025-10-16 17:48:26+00:00
95.26.60.180,Russia,2025-10-16 17:48:40+00:00
176.28.65.21,Russia,2025-10-16 17:50:46+00:00
